<?xml version="1.0" encoding="utf-8" ?>
<Patch>

<Operation Class="PatchOperationSequence">
	<success>Always</success>
	<operations>
	<li Class="PatchOperationFindMod">
	<mods>
		<li>Arrow Please</li>
	</mods>
	</li>
	
<!-- Allow certain ranged weapons to be used with shields -->
   <li Class="PatchOperationAdd">
   <xpath>/Defs/ThingDef[defName="Ranged_Torch"]/weaponTags</xpath>
   <value>
	<li>Shield_Sidearm</li>
   </value>
   </li>

   <li Class="PatchOperationAdd">
   <xpath>/Defs/ThingDef[defName="Ranged_Slinger"]/weaponTags</xpath>
   <value>
	<li>Shield_Sidearm</li>
   </value>
   </li>  
 
   <li Class="PatchOperationAdd">
   <xpath>/Defs/ThingDef[defName="Ranged_Tomahawk"]/weaponTags</xpath>
   <value>
	<li>Shield_Sidearm</li>
   </value>
   </li>  

   <li Class="PatchOperationAdd">
   <xpath>/Defs/ThingDef[defName="Ranged_Blowgun"]/weaponTags</xpath>
   <value>
	<li>Shield_Sidearm</li>
   </value>
   </li>

   <li Class="PatchOperationAdd">
   <xpath>/Defs/ThingDef[defName="Ranged_Crossbow"]/weaponTags</xpath>
   <value>
		<li>Shield_Sidearm</li>
   </value>
   </li>  
 
   <li Class="PatchOperationAdd">
   <xpath>/Defs/ThingDef[defName="Flame_Crossbow"]/weaponTags</xpath>
   <value>
		<li>Shield_Sidearm</li>
   </value>
   </li>  

   <li Class="PatchOperationAdd">
   <xpath>/Defs/ThingDef[defName="Ranged_Arbalest"]/weaponTags</xpath>
   <value>
		<li>Shield_Sidearm</li>
   </value>
   </li>  
   
   <li Class="PatchOperationAdd">
   <xpath>/Defs/ThingDef[defName="Flame_Arbalest"]/weaponTags</xpath>
   <value>
		<li>Shield_Sidearm</li>
   </value>
   </li>  
   
   <li Class="PatchOperationAdd">
   <xpath>/Defs/ThingDef[defName="Ranged_Repeatingcrossbow"]/weaponTags</xpath>
   <value>
		<li>Shield_Sidearm</li>
   </value>
   </li>  
   
<!-- Don't allow certain melee weapons to be used with shields -->   


   </operations>
</Operation>
   
</Patch>   