<?xml version="1.0" encoding="utf-8" ?>
<Patch>
<!-- Allow some pawns to spawn with shields -->

	<!-- Tribal -->

   <Operation Class="PatchOperationAdd">
   <xpath>/Defs/PawnKindDef[defName="Tribal_Warrior"]</xpath>
   <value>
	   <apparelTags>
			<li>Shield_Neolithic</li>
	   </apparelTags>
   </value>
   </Operation>

   <Operation Class="PatchOperationAdd">
   <xpath>/Defs/PawnKindDef[defName="Tribal_Berserker"]</xpath>
   <value>
	   <apparelTags>
			<li>Shield_Neolithic</li>
	   </apparelTags>
   </value>
   </Operation>
   
   <Operation Class="PatchOperationAdd">
   <xpath>/Defs/PawnKindDef[defName="Tribal_ChiefMelee"]</xpath>
   <value>
	   <apparelTags>
			<li>Shield_Classical</li>	
	   </apparelTags> 
	</value>
   </Operation>
   
</Patch>   