﻿<?xml version="1.0" encoding="utf-8"?>
<ModMetaData>
  <name>Combat Shields</name>
  <author>N7Huntsman </author>
	<supportedVersions>
		<li>1.3</li>
		<li>1.2</li>
		<li>1.1</li>
		<li>1.0</li>
	</supportedVersions>
	<packageId>n7huntsman.combatshields</packageId>
	<modDependencies>
    	<li>
        	<packageId>brrainz.harmony</packageId>
        	<displayName>Harmony</displayName>
        	<steamWorkshopUrl>steam://url/CommunityFilePage/2009463077</steamWorkshopUrl>
        	<downloadUrl>https://github.com/pardeike/HarmonyRimWorld/releases/latest</downloadUrl>
    	</li>
	</modDependencies>
	<incompatibleWith>
	  <li>CETeam.CombatExtended</li>
	</incompatibleWith>	
  <description>Combat Shields adds a variety of shields to Rimworld from different cultures and eras. A special thanks to BukTaki for updating and developing the framework that helped make this mod possible.


Note: The Steam version of Harmony should be used only when using with mod in version 1.1. The Rimworld 1.0 version has a local copy of its own.</description>
</ModMetaData>